{
  "project_info": {
    "project_number": "821476537606",
    "project_id": "vegshop-b1593",
    "storage_bucket": "vegshop-b1593.appspot.com"
  },
  "client": [
    {
      "client_info": {
        "mobilesdk_app_id": "1:821476537606:android:90e69683d5610207f2da87",
        "android_client_info": {
          "package_name": "com.example.vegshop"
        }
      },
      "oauth_client": [],
      "api_key": [
        {
          "current_key": "AIzaSyB_7pTw_pOiTIkKGIeGw3JimRK_eKuq6Ns"
        }
      ],
      "services": {
        "appinvite_service": {
          "other_platform_oauth_client": []
        }
      }
    }
  ],
  "configuration_version": "1"
}